sample_id,linear_score,dnam_age_years,published_age_two_significant_digits
GSM946048,1.91797576180351,60.2774909978736,60
GSM946049,1.11901396820374,43.4992933322785,43
GSM946052,0.375064589015741,27.8763563693306,28
GSM946054,0.836160922931773,37.5593793815672,38
GSM946055,-0.821634766545781,8.23395703515528,8.2
GSM946056,0.00591612853170032,20.1242386991657,20
GSM946059,-1.28569290406881,4.80563811198966,4.8
GSM946062,0.870762482355473,38.2860121294649,38
GSM946064,-0.993820293192474,6.77335721084834,6.8
GSM946065,-1.52684071662074,3.56163777899198,3.6
GSM946066,0.517179895526542,30.8607778060574,31
GSM946067,-2.35934453886679,0.984124777671597,0.98
GSM946073,2.00627882456105,62.1318553157821,62
GSM946074,0.204768644347429,24.300141531296,24
GSM946075,-0.849366412677469,7.98140227120635,8
GSM946076,1.11248260189571,43.3621346398098,43
